{"cameraMode":{"drawMode":0,"name":"Shaded","section":"Shading Mode"},"sceneLighting":false,"audioPlay":false,"sceneViewState":{"showFog":true,"showMaterialUpdate":true,"showSkybox":true,"showFlares":true,"showImageEffects":true,"showParticleSystems":true},"in2DMode":false,"pivot":{"x":0.04844832420349121,"y":1.2365641593933106,"z":0.7309813499450684},"rotation":{"x":-0.017091045156121255,"y":0.9787529706954956,"z":-0.18265700340270997,"w":-0.09157991409301758},"size":10.816718101501465,"orthographic":false}