{"cameraMode":{"drawMode":0,"name":"Shaded","section":"Shading Mode"},"sceneLighting":true,"audioPlay":false,"sceneViewState":{"showFog":false,"showMaterialUpdate":false,"showSkybox":false,"showFlares":false,"showImageEffects":false,"showParticleSystems":false},"in2DMode":false,"pivot":{"x":26.631765365600587,"y":1.4715003967285157,"z":23.814722061157228},"rotation":{"x":0.5415465235710144,"y":-0.016390744596719743,"z":0.010561499744653702,"w":0.8404444456100464},"size":60.24661636352539,"orthographic":false}