{"cameraMode":{"drawMode":0,"name":"Shaded","section":"Shading Mode"},"sceneLighting":false,"audioPlay":false,"sceneViewState":{"showFog":false,"showMaterialUpdate":false,"showSkybox":false,"showFlares":false,"showImageEffects":false,"showParticleSystems":false},"in2DMode":false,"pivot":{"x":0.38000011444091799,"y":0.6264917850494385,"z":9.787846565246582},"rotation":{"x":-0.23505918681621552,"y":-0.7437777519226074,"z":0.3281436264514923,"w":-0.5327903628349304},"size":44.207645416259769,"orthographic":false}