{"cameraMode":{"drawMode":0,"name":"Shaded","section":"Shading Mode"},"sceneLighting":false,"audioPlay":false,"sceneViewState":{"showFog":true,"showMaterialUpdate":true,"showSkybox":true,"showFlares":true,"showImageEffects":true,"showParticleSystems":true},"in2DMode":false,"pivot":{"x":-10.313410758972168,"y":-3.9137401580810549,"z":2.1170384883880617},"rotation":{"x":-0.14956744015216828,"y":-0.34774670004844668,"z":0.056297607719898227,"w":-0.9238681793212891},"size":3.9545257091522219,"orthographic":false}