{"cameraMode":{"drawMode":0,"name":"Shaded","section":"Shading Mode"},"sceneLighting":true,"audioPlay":false,"sceneViewState":{"showFog":false,"showMaterialUpdate":false,"showSkybox":false,"showFlares":false,"showImageEffects":false,"showParticleSystems":false},"in2DMode":false,"pivot":{"x":252.7053680419922,"y":-1.167055606842041,"z":239.24276733398438},"rotation":{"x":0.4993881285190582,"y":-0.003898677183315158,"z":0.002247261581942439,"w":0.8663668036460877},"size":20.219926834106447,"orthographic":false}