{"cameraMode":{"drawMode":0,"name":"Shaded","section":"Shading Mode"},"sceneLighting":false,"audioPlay":false,"sceneViewState":{"showFog":false,"showMaterialUpdate":false,"showSkybox":false,"showFlares":false,"showImageEffects":false,"showParticleSystems":false},"in2DMode":false,"pivot":{"x":-0.4452366828918457,"y":2.0814919471740724,"z":6.7714033126831059},"rotation":{"x":-0.23505918681621552,"y":-0.7437777519226074,"z":0.3281436264514923,"w":-0.5327903628349304},"size":36.31483840942383,"orthographic":false}