{"cameraMode":{"drawMode":0,"name":"Shaded","section":"Shading Mode"},"sceneLighting":false,"audioPlay":false,"sceneViewState":{"showFog":false,"showMaterialUpdate":false,"showSkybox":false,"showFlares":false,"showImageEffects":false,"showParticleSystems":false},"in2DMode":false,"pivot":{"x":-0.5623946189880371,"y":1.8223422765731812,"z":0.7349996566772461},"rotation":{"x":0.009877254255115986,"y":-0.8922597765922546,"z":0.4509943723678589,"w":0.01954212412238121},"size":48.194515228271487,"orthographic":false}