{"cameraMode":{"drawMode":0,"name":"Shaded","section":"Shading Mode"},"sceneLighting":false,"audioPlay":false,"sceneViewState":{"showFog":false,"showMaterialUpdate":false,"showSkybox":false,"showFlares":false,"showImageEffects":false,"showParticleSystems":false},"in2DMode":false,"pivot":{"x":-15.622300148010254,"y":1.4862486124038697,"z":-16.47808265686035},"rotation":{"x":0.1487450897693634,"y":0.7846651077270508,"z":-0.20647032558918,"w":0.5652847290039063},"size":17.52147674560547,"orthographic":false}