{"cameraMode":{"drawMode":0,"name":"Shaded","section":"Shading Mode"},"sceneLighting":false,"audioPlay":false,"sceneViewState":{"showFog":false,"showMaterialUpdate":false,"showSkybox":false,"showFlares":false,"showImageEffects":false,"showParticleSystems":false},"in2DMode":false,"pivot":{"x":28.985395431518556,"y":-0.19926488399505616,"z":16.28833770751953},"rotation":{"x":0.1487450897693634,"y":0.7846651077270508,"z":-0.20647032558918,"w":0.5652847290039063},"size":11.18574333190918,"orthographic":false}