{"cameraMode":{"drawMode":0,"name":"Shaded","section":"Shading Mode"},"sceneLighting":false,"audioPlay":false,"sceneViewState":{"showFog":true,"showMaterialUpdate":true,"showSkybox":true,"showFlares":true,"showImageEffects":true,"showParticleSystems":true},"in2DMode":false,"pivot":{"x":-0.25275516510009768,"y":0.22572094202041627,"z":0.5421687364578247},"rotation":{"x":0.06210862472653389,"y":0.9145274758338928,"z":-0.15398390591144563,"w":0.3688780963420868},"size":4.097123146057129,"orthographic":false}