{"cameraMode":{"drawMode":0,"name":"Shaded","section":"Shading Mode"},"sceneLighting":false,"audioPlay":false,"sceneViewState":{"showFog":true,"showMaterialUpdate":true,"showSkybox":true,"showFlares":true,"showImageEffects":true,"showParticleSystems":true},"in2DMode":false,"pivot":{"x":0.1978636384010315,"y":1.3619906902313233,"z":0.13060033321380616},"rotation":{"x":-0.03775794431567192,"y":0.9619824886322022,"z":-0.17952720820903779,"w":-0.20232178270816804},"size":2.796226978302002,"orthographic":false}