{"cameraMode":{"drawMode":0,"name":"Shaded","section":"Shading Mode"},"sceneLighting":false,"audioPlay":false,"sceneViewState":{"showFog":true,"showMaterialUpdate":true,"showSkybox":true,"showFlares":true,"showImageEffects":true,"showParticleSystems":true},"in2DMode":false,"pivot":{"x":0.000001389533281326294,"y":0.0000060927122831344608,"z":-2.9802322387695315e-8},"rotation":{"x":-0.03775794431567192,"y":0.9619824886322022,"z":-0.17952720820903779,"w":-0.20232178270816804},"size":0.5923945307731628,"orthographic":false}