{"cameraMode":{"drawMode":0,"name":"Shaded","section":"Shading Mode"},"sceneLighting":true,"audioPlay":false,"sceneViewState":{"showFog":false,"showMaterialUpdate":false,"showSkybox":false,"showFlares":false,"showImageEffects":false,"showParticleSystems":false},"in2DMode":false,"pivot":{"x":941.8125,"y":395.89208984375,"z":143.1749725341797},"rotation":{"x":-0.029993170872330667,"y":0.010800745338201523,"z":-0.0003252417373005301,"w":-0.999494194984436},"size":410.8554992675781,"orthographic":false}