{"cameraMode":{"drawMode":0,"name":"Shaded","section":"Shading Mode"},"sceneLighting":false,"audioPlay":false,"sceneViewState":{"showFog":true,"showMaterialUpdate":true,"showSkybox":true,"showFlares":true,"showImageEffects":true,"showParticleSystems":true},"in2DMode":false,"pivot":{"x":-9.800000190734864,"y":-4.457781791687012,"z":9.059999465942383},"rotation":{"x":-0.28877681493759158,"y":-0.4069995582103729,"z":0.13736429810523988,"w":-0.8556228280067444},"size":3.6487016677856447,"orthographic":false}