{"cameraMode":{"drawMode":0,"name":"Shaded","section":"Shading Mode"},"sceneLighting":true,"audioPlay":false,"sceneViewState":{"showFog":false,"showMaterialUpdate":false,"showSkybox":false,"showFlares":false,"showImageEffects":false,"showParticleSystems":false},"in2DMode":false,"pivot":{"x":-8.39046573638916,"y":6.009016036987305,"z":-4.263603210449219},"rotation":{"x":-0.2695840001106262,"y":-0.7083236575126648,"z":0.3447830379009247,"w":-0.5538331270217896},"size":4.094388484954834,"orthographic":false}