{"cameraMode":{"drawMode":0,"name":"Shaded","section":"Shading Mode"},"sceneLighting":false,"audioPlay":false,"sceneViewState":{"showFog":false,"showMaterialUpdate":false,"showSkybox":false,"showFlares":false,"showImageEffects":false,"showParticleSystems":false},"in2DMode":false,"pivot":{"x":-3.76003098487854,"y":3.1902430057525636,"z":-15.730499267578125},"rotation":{"x":0.02067866548895836,"y":0.8496136665344238,"z":-0.5259421467781067,"w":0.03340397775173187},"size":11.171260833740235,"orthographic":false}