{"cameraMode":{"drawMode":0,"name":"Shaded","section":"Shading Mode"},"sceneLighting":false,"audioPlay":false,"sceneViewState":{"showFog":true,"showMaterialUpdate":true,"showSkybox":true,"showFlares":true,"showImageEffects":true,"showParticleSystems":true},"in2DMode":false,"pivot":{"x":-0.0023937225341796877,"y":2.837583541870117,"z":0.4055795669555664},"rotation":{"x":-0.017091045156121255,"y":0.9787529706954956,"z":-0.18265700340270997,"w":-0.09157991409301758},"size":31.941469192504884,"orthographic":false}