{"cameraMode":{"drawMode":0,"name":"Shaded","section":"Shading Mode"},"sceneLighting":false,"audioPlay":false,"sceneViewState":{"showFog":true,"showMaterialUpdate":true,"showSkybox":true,"showFlares":true,"showImageEffects":true,"showParticleSystems":true},"in2DMode":false,"pivot":{"x":0.04063403606414795,"y":0.3645055592060089,"z":0.020865678787231447},"rotation":{"x":-0.017091045156121255,"y":0.9787529706954956,"z":-0.18265700340270997,"w":-0.09157991409301758},"size":4.858297824859619,"orthographic":false}