{"cameraMode":{"drawMode":0,"name":"Shaded","section":"Shading Mode"},"sceneLighting":false,"audioPlay":false,"sceneViewState":{"showFog":true,"showMaterialUpdate":true,"showSkybox":true,"showFlares":true,"showImageEffects":true,"showParticleSystems":true},"in2DMode":false,"pivot":{"x":-11.649999618530274,"y":-3.6700000762939455,"z":10.34000015258789},"rotation":{"x":0.011464115232229233,"y":0.9651005864143372,"z":-0.2580917477607727,"w":0.04287313297390938},"size":4.041658401489258,"orthographic":false}