{"cameraMode":{"drawMode":0,"name":"Shaded","section":"Shading Mode"},"sceneLighting":false,"audioPlay":false,"sceneViewState":{"showFog":true,"showMaterialUpdate":true,"showSkybox":true,"showFlares":true,"showImageEffects":true,"showParticleSystems":true},"in2DMode":false,"pivot":{"x":-7.310999870300293,"y":-4.579999923706055,"z":11.784000396728516},"rotation":{"x":-0.031463202089071277,"y":-0.9639313220977783,"z":0.2285570502281189,"w":-0.13269592821598054},"size":2.4237060546875,"orthographic":false}