{"cameraMode":{"drawMode":0,"name":"Shaded","section":"Shading Mode"},"sceneLighting":false,"audioPlay":false,"sceneViewState":{"showFog":false,"showMaterialUpdate":false,"showSkybox":false,"showFlares":false,"showImageEffects":false,"showParticleSystems":false},"in2DMode":false,"pivot":{"x":580.35498046875,"y":419.7550048828125,"z":0.0},"rotation":{"x":-0.029993170872330667,"y":0.010800745338201523,"z":-0.0003252417373005301,"w":-0.999494194984436},"size":115.05947875976563,"orthographic":false}