{"cameraMode":{"drawMode":0,"name":"Shaded","section":"Shading Mode"},"sceneLighting":false,"audioPlay":false,"sceneViewState":{"showFog":false,"showMaterialUpdate":false,"showSkybox":false,"showFlares":false,"showImageEffects":false,"showParticleSystems":false},"in2DMode":false,"pivot":{"x":0.5245972871780396,"y":2.018268346786499,"z":-0.09943771362304688},"rotation":{"x":0.009877254255115986,"y":-0.8922597765922546,"z":0.4509943723678589,"w":0.01954212412238121},"size":49.245059967041019,"orthographic":false}