{"cameraMode":{"drawMode":0,"name":"Shaded","section":"Shading Mode"},"sceneLighting":false,"audioPlay":false,"sceneViewState":{"showFog":true,"showMaterialUpdate":true,"showSkybox":true,"showFlares":true,"showImageEffects":true,"showParticleSystems":true},"in2DMode":false,"pivot":{"x":-10.529999732971192,"y":-3.7800002098083498,"z":-2.430000066757202},"rotation":{"x":0.12035167217254639,"y":0.8633862733840942,"z":-0.2448256015777588,"w":0.42442917823791506},"size":3.5847179889678957,"orthographic":false}