{"cameraMode":{"drawMode":0,"name":"Shaded","section":"Shading Mode"},"sceneLighting":false,"audioPlay":false,"sceneViewState":{"showFog":true,"showMaterialUpdate":true,"showSkybox":true,"showFlares":true,"showImageEffects":true,"showParticleSystems":true},"in2DMode":false,"pivot":{"x":0.12593913078308106,"y":2.3497629165649416,"z":0.5089656114578247},"rotation":{"x":-0.03775794431567192,"y":0.9619824886322022,"z":-0.17952720820903779,"w":-0.20232178270816804},"size":4.785731315612793,"orthographic":false}