{"cameraMode":{"drawMode":0,"name":"Shaded","section":"Shading Mode"},"sceneLighting":false,"audioPlay":false,"sceneViewState":{"showFog":false,"showMaterialUpdate":false,"showSkybox":false,"showFlares":false,"showImageEffects":false,"showParticleSystems":false},"in2DMode":false,"pivot":{"x":0.6074786186218262,"y":1.2449835538864136,"z":20.712913513183595},"rotation":{"x":0.009877254255115986,"y":-0.8922597765922546,"z":0.4509943723678589,"w":0.01954212412238121},"size":58.03544998168945,"orthographic":false}