{"cameraMode":{"drawMode":0,"name":"Shaded","section":"Shading Mode"},"sceneLighting":true,"audioPlay":false,"sceneViewState":{"showFog":false,"showMaterialUpdate":false,"showSkybox":false,"showFlares":false,"showImageEffects":false,"showParticleSystems":false},"in2DMode":false,"pivot":{"x":-3.8322739601135256,"y":0.7999999523162842,"z":-6.969729423522949},"rotation":{"x":-0.0674358531832695,"y":-0.0191492922604084,"z":0.0012934196274727584,"w":-0.9975414872169495},"size":7.203995704650879,"orthographic":false}