{"cameraMode":{"drawMode":0,"name":"Shaded","section":"Shading Mode"},"sceneLighting":false,"audioPlay":false,"sceneViewState":{"showFog":false,"showMaterialUpdate":false,"showSkybox":false,"showFlares":false,"showImageEffects":false,"showParticleSystems":false},"in2DMode":false,"pivot":{"x":4.299720764160156,"y":-8.035150527954102,"z":18.732702255249025},"rotation":{"x":0.2952882945537567,"y":-0.6469990611076355,"z":0.3006519079208374,"w":0.6354565620422363},"size":38.07106018066406,"orthographic":false}