{"cameraMode":{"drawMode":0,"name":"Shaded","section":"Shading Mode"},"sceneLighting":false,"audioPlay":false,"sceneViewState":{"showFog":true,"showMaterialUpdate":true,"showSkybox":true,"showFlares":true,"showImageEffects":true,"showParticleSystems":true},"in2DMode":false,"pivot":{"x":7.447481155395508,"y":3.5952041149139406,"z":-0.3032379150390625},"rotation":{"x":-0.03775794431567192,"y":0.9619824886322022,"z":-0.17952720820903779,"w":-0.20232178270816804},"size":17.82268524169922,"orthographic":false}