{"cameraMode":{"drawMode":0,"name":"Shaded","section":"Shading Mode"},"sceneLighting":false,"audioPlay":false,"sceneViewState":{"showFog":false,"showMaterialUpdate":false,"showSkybox":false,"showFlares":false,"showImageEffects":false,"showParticleSystems":false},"in2DMode":false,"pivot":{"x":2.6587653160095217,"y":1.8423422574996949,"z":11.211444854736329},"rotation":{"x":-0.23505918681621552,"y":-0.7437777519226074,"z":0.3281436264514923,"w":-0.5327903628349304},"size":36.2921028137207,"orthographic":false}