{"cameraMode":{"drawMode":0,"name":"Shaded","section":"Shading Mode"},"sceneLighting":false,"audioPlay":false,"sceneViewState":{"showFog":false,"showMaterialUpdate":false,"showSkybox":false,"showFlares":false,"showImageEffects":false,"showParticleSystems":false},"in2DMode":false,"pivot":{"x":-0.4147634506225586,"y":2.431490421295166,"z":19.889049530029298},"rotation":{"x":0.009877254255115986,"y":-0.8922597765922546,"z":0.4509943723678589,"w":0.01954212412238121},"size":57.036705017089847,"orthographic":false}