{"cameraMode":{"drawMode":0,"name":"Shaded","section":"Shading Mode"},"sceneLighting":false,"audioPlay":false,"sceneViewState":{"showFog":false,"showMaterialUpdate":false,"showSkybox":false,"showFlares":false,"showImageEffects":false,"showParticleSystems":false},"in2DMode":false,"pivot":{"x":-2.295443058013916,"y":1.7296062707901,"z":-1.192016363143921},"rotation":{"x":0.1487450897693634,"y":0.7846651077270508,"z":-0.20647032558918,"w":0.5652847290039063},"size":15.358125686645508,"orthographic":false}