{"cameraMode":{"drawMode":0,"name":"Shaded","section":"Shading Mode"},"sceneLighting":false,"audioPlay":false,"sceneViewState":{"showFog":false,"showMaterialUpdate":false,"showSkybox":false,"showFlares":false,"showImageEffects":false,"showParticleSystems":false},"in2DMode":false,"pivot":{"x":16.521621704101564,"y":-0.1269599199295044,"z":0.5180625915527344},"rotation":{"x":0.1487450897693634,"y":0.7846651077270508,"z":-0.20647032558918,"w":0.5652847290039063},"size":10.889037132263184,"orthographic":false}