{"cameraMode":{"drawMode":0,"name":"Shaded","section":"Shading Mode"},"sceneLighting":false,"audioPlay":false,"sceneViewState":{"showFog":false,"showMaterialUpdate":false,"showSkybox":false,"showFlares":false,"showImageEffects":false,"showParticleSystems":false},"in2DMode":false,"pivot":{"x":-1.8700001239776612,"y":2.1682686805725099,"z":9.78943920135498},"rotation":{"x":-0.23505918681621552,"y":-0.7437777519226074,"z":0.3281436264514923,"w":-0.5327903628349304},"size":39.37263488769531,"orthographic":false}