{"cameraMode":{"drawMode":0,"name":"Shaded","section":"Shading Mode"},"sceneLighting":false,"audioPlay":false,"sceneViewState":{"showFog":true,"showMaterialUpdate":true,"showSkybox":true,"showFlares":true,"showImageEffects":true,"showParticleSystems":true},"in2DMode":false,"pivot":{"x":4.755998611450195,"y":1.029101848602295,"z":-0.000944972038269043},"rotation":{"x":-0.03775794431567192,"y":0.9619824886322022,"z":-0.17952720820903779,"w":-0.20232178270816804},"size":10.941263198852539,"orthographic":false}