{"cameraMode":{"drawMode":0,"name":"Shaded","section":"Shading Mode"},"sceneLighting":true,"audioPlay":false,"sceneViewState":{"showFog":false,"showMaterialUpdate":false,"showSkybox":false,"showFlares":false,"showImageEffects":false,"showParticleSystems":false},"in2DMode":false,"pivot":{"x":-2.2319984436035158,"y":-2.5978407859802248,"z":-3.5644760131835939},"rotation":{"x":-0.26163068413734438,"y":-0.6745849251747131,"z":0.27965909242630007,"w":-0.6310946345329285},"size":109.66078186035156,"orthographic":false}