{"cameraMode":{"drawMode":0,"name":"Shaded","section":"Shading Mode"},"sceneLighting":true,"audioPlay":false,"sceneViewState":{"showFog":false,"showMaterialUpdate":false,"showSkybox":false,"showFlares":false,"showImageEffects":false,"showParticleSystems":false},"in2DMode":false,"pivot":{"x":-0.16016578674316407,"y":-4.323787689208984,"z":-4.115091323852539},"rotation":{"x":0.37823793292045596,"y":0.3383502960205078,"z":-0.15085382759571076,"w":0.8483504056930542},"size":25.258203506469728,"orthographic":false}