{"cameraMode":{"drawMode":0,"name":"Shaded","section":"Shading Mode"},"sceneLighting":false,"audioPlay":false,"sceneViewState":{"showFog":true,"showMaterialUpdate":true,"showSkybox":true,"showFlares":true,"showImageEffects":true,"showParticleSystems":true},"in2DMode":false,"pivot":{"x":0.0000024884939193725588,"y":0.15078049898147584,"z":-0.6155163049697876},"rotation":{"x":-0.017091045156121255,"y":0.9787529706954956,"z":-0.18265700340270997,"w":-0.09157991409301758},"size":7.071812629699707,"orthographic":false}