{"cameraMode":{"drawMode":0,"name":"Shaded","section":"Shading Mode"},"sceneLighting":false,"audioPlay":false,"sceneViewState":{"showFog":false,"showMaterialUpdate":false,"showSkybox":false,"showFlares":false,"showImageEffects":false,"showParticleSystems":false},"in2DMode":false,"pivot":{"x":2.5271835327148439,"y":2.4682703018188478,"z":20.039121627807618},"rotation":{"x":0.009877254255115986,"y":-0.8922597765922546,"z":0.4509943723678589,"w":0.01954212412238121},"size":46.59644317626953,"orthographic":false}